Authors,Title,Publication,Volume,Number,Pages,Year,Publisher
"Cadena, Carlos Daniel; Kozak, Kenneth H; Gómez, Juan Pablo; Parra, Juan Luis; McCain, Christy M; Bowie, Rauri CK; Carnaval, Ana C; Moritz, Craig; Rahbek, Carsten; Roberts, Trina E; ","Latitude, elevational climatic zonation and speciation in New World vertebrates",Proceedings of the Royal Society of London B: Biological Sciences,279,1726,194-201,2012,The Royal Society
"Graham, Catherine H; Parra, Juan L; Tinoco, Boris A; Stiles, F Gary; McGuire, Jim A; ",Untangling the influence of ecological and evolutionary factors on trait variation across hummingbird assemblages,Ecology,93,sp8,,2012,Wiley Online Library
"Graham, Catherine H; Carnaval, Ana C; Cadena, Carlos Daniel; Zamudio, Kelly R; Roberts, Trina E; Parra, Juan Luis; McCain, Christy M; Bowie, Rauri CK; Moritz, Craig; Baines, Stephen B; ",The origin and maintenance of montane diversity: integrating evolutionary and ecological processes,Ecography,37,8,711-719,2014,Wiley Online Library
"Velo‐Antón, G; Parra, JL; Parra‐Olea, G; Zamudio, KR; ",Tracking climate change in a dispersal‐limited species: reduced spatial and genetic connectivity in a montane salamander,Molecular ecology,22,12,3261-3278,2013,Wiley Online Library
"González-Caro, Sebastián; Parra, Juan L; Graham, Catherine H; McGuire, Jimmy A; Cadena, Carlos Daniel; ","Sensitivity of metrics of phylogenetic structure to scale, source of data and species pool of hummingbird assemblages along elevational gradients",PloS one,7,4,e35472,2012,Public Library of Science
"Parra, Juan Luis; Agudelo, Marta; Molina, Yaily; Londoño, Gustavo; ",Use of space by a pair of salvin’s curassows (Mitu salvini) in northwestern Colombian Amazon,Ornitologia Neotropical,12,3,189-204,2001,
"Fuchs, Jerome; Parra, Juan L; Goodman, Steven M; Raherilalao, Marie Jeanne; Vanderwal, Jeremy; Bowie, Rauri CK; ",Extending ecological niche models to the past 120 000 years corroborates the lack of strong phylogeographic structure in the crested drongo (Dicrurus forficatus forficatus) on Madagascar,Biological Journal of the Linnean Society,108,3,658-676,2013,Wiley Online Library
"Parra, Juan Luis; ",Color evolution in the hummingbird genus Coeligena,Evolution,64,2,324-335,2010,Wiley Online Library
"Weinstein, Ben G; Tinoco, Boris; Parra, Juan Luis; Brown, Leone M; McGuire, Jimmy A; Stiles, F Gary; Graham, Catherine H; ","Taxonomic, phylogenetic, and trait beta diversity in South American hummingbirds",The American Naturalist,184,2,211-224,2014,JSTOR
"Lessard, Jean-Philippe; Weinstein, Ben G; Borregaard, Michael K; Marske, Katharine A; Martin, Danny R; McGuire, Jimmy A; Parra, Juan L; Rahbek, Carsten; Graham, Catherine H; Harrison, Susan; ",Process-based species pools reveal the hidden signature of biotic interactions amid the influence of temperature filtering,The American Naturalist,187,1,75-88,2016,"University of Chicago Press Chicago, IL"
"Jankowski, Jill E; Graham, Catherine H; Parra, Juan Luis; Robinson, Scott K; Seddon, Nathalie; Touchton, Janeene M; Tobias, Joseph A; ",The role of competition in structuring tropical bird communities,Ornitol Neotrop,23,Supplement,115-124,2012,
"Borregaard, Michael K; Rahbek, Carsten; Fjeldså, Jon; Parra, Juan L; Whittaker, Robert J; Graham, Catherine H; ",Node‐based analysis of species distributions,Methods in Ecology and Evolution,5,11,1225-1235,2014,Wiley Online Library
"Conroy, CC; Koo, M; Monahan, B; Parra, J; Moritz, C; ",The Grinnell Project; Small Mammal Responses to Climate in California,AGU Fall Meeting Abstracts,1,,07,2006,
"Rozo, Andrea Morales; Valencia, Fernando; Acosta, Alexis; Parra, Juan Luis; ",Birds of Antioquia: Georeferenced database of specimens from the Colección de Ciencias Naturales del Museo Universitario de la Universidad de Antioquia (MUA),ZooKeys,,410,95,2014,Pensoft Publishers
"Morales-Betancourt, Mónica A; Aranguren Riaño, Nelson Javier; Rial, Anabel; Ramírez Restrepo, John Jairo; Trujillo, Fernando; Duque, Santiago R; Acosta-Galvis, Andrés R; Parra, Juan Luis; Jiménez Segura, Luz Fernanda; Lasso, Carlos A; ","Humedales interiores de Colombia: identificación, caracterización y establecimiento de límites según criterios biológicos y ecológicos",,,,,2015,
"Parra, Juan Luis; Agudelo, Marta; Molina, Yaily; Londoño, Gustavo; ",© The Neotropical Ornithological Society USE OF SPACE BY A PAIR OF SALVIN’S CURASSOWS (MITU SALVINI) IN NORTHWESTERN COLOMBIAN AMAZON,,,,,,Citeseer
"Garizábal, Jaime A; Delgado, Carlos A; Arias-Alzate, Andrés; Botero-Cañola, Sebastián; Sánchez-Londoño, Juan D; Tabárez, Lucía M; Lizarazo, Pilar X; Parra, Juan L; ","Nuevos registros de la Paloma-perdiz Lineada (Geotrygon linearis) en el Valle de Aburrá, Antioquia, Colombia.",Boletin SAO,23,,,2014,
"Bran-Castrillón, Carlos; Gaviria-Zapata, Catalina; Parra, Juan Luis; ","Avifauna de los hábitats de la desembocadura del Río Atrato (Turbo, Antioquia).",Ornitología Colombiana,14,,94-111,2014,
"Sanders, Christopher J Schneider; VanDerWal, Jeremy; Zamudio, Kelly R; Graham, Catherine H; Bowie, Rauri CK; Carnaval, Ana C; Moritz, Craig; Rahbek, Carsten; Roberts, Trina E; Cadena, Nathan J Carlos Daniel; ","Latitude, elevational climatic zonation and speciation in New",,,,,,
"Schluter, Dolph; Rescan, Marie; Lenormand, Thomas; Roze, Denis; Zink, Andrew G; Lyon, Bruce E; van Velzen, Ellen; Pérez-Vila, Saleta; Etienne, Rampal S; Bonnet, Timothée; ",3. 2015 American Society of Naturalists Awards 2015 American Society of Naturalists Awards (pp. iii-iv) Free Content,The American Naturalist,187,1,,2016,JSTOR
"Acero, Arturo; Aguilar-Cano, José; Valencia-Mazo, Juan David; Barbella, Rodrigo; Portocarrero-Aya, Marcela; Hernández, Olga Lucía; Vargas, Andrés; Acosta, Andrés Rymel; Mantilla-Meluk, Hugo; Medina, Sandra; ",Volumen III. Catálogo de biodiversidad de la región Caribe,,,,,2016,
"Fuchs, Jerome; Lemoine, Delphine; Parra, Juan Luis; Pons, Jean‐Marc; Raherilalao, Marie Jeanne; Prys‐Jones, Robert; Thebaud, Christophe; Warren, Ben H; Goodman, Steven M; ",Long‐distance dispersal and inter‐island colonization across the western Malagasy Region explain diversification in brush‐warblers (Passeriformes: Nesillas),Biological Journal of the Linnean Society,,,,2016,Wiley Online Library
"Lemere, Cynthia A; Lopera, Francisco; Kosik, KS; Lendon, CL; Ossa, J; Saido, TC; Yamaguchi, H; Ruiz, A; Martinez, A; Madrigal, L; ",The E280A presenilin 1 Alzheimer mutationproduces increased A342 deposition and severe cerebellar pathology,Nat. Med,2,,1146-1150,1996,
"Lopera, Francisco; Ardilla, Alfredo; Martínez, Alonso; Madrigal, Lucia; Arango-Viana, Juan Carlos; Lemere, Cynthia A; Arango-Lasprilla, Juan Carlos; Hincapié, Liliana; Arcos-Burgos, Mauricio; Ossa, Jorge E; ",Clinical features of early-onset Alzheimer disease in a large kindred with an E280A presenilin-1 mutation,Jama,277,10,793-799,1997,American Medical Association
"Arcos-Burgos, Mauricio; Castellanos, F Xavier; Pineda, David; Lopera, Francisco; Palacio, Juan David; Palacio, Luis Guillermo; Rapoport, Judith L; Berg, Kate; Bailey-Wilson, Joan E; Muenke, Maximilian; ","Attention-deficit/hyperactivity disorder in a population isolate: linkage to loci at 4q13. 2, 5q33. 3, 11q22, and 17p11",The American Journal of Human Genetics,75,6,998-1014,2004,Elsevier
"Kremeyer, Barbara; Lopera, Francisco; Cox, James J; Momin, Aliakmal; Rugiero, Francois; Marsh, Steve; Woods, C Geoffrey; Jones, Nicholas G; Paterson, Kathryn J; Fricker, Florence R; ",A gain-of-function mutation in TRPA1 causes familial episodic pain syndrome,Neuron,66,5,671-680,2010,Elsevier
"Reiman, Eric M; Quiroz, Yakeel T; Fleisher, Adam S; Chen, Kewei; Velez-Pardo, Carlos; Jimenez-Del-Rio, Marlene; Fagan, Anne M; Shah, Aarti R; Alvarez, Sergio; Arbelaez, Andrés; ",Brain imaging and fluid biomarker analysis in young adults at genetic risk for autosomal dominant Alzheimer's disease in the presenilin 1 E280A kindred: a case-control study,The Lancet Neurology,11,12,1048-1056,2012,Elsevier
"Clark, RF; Hutton, M; Fuldner, M; Froelich, S; Karran, E; Talbot, C; Crook, R; Lendon, C; Prihar, G; He, C; ",The structure of the presenilin 1 (S182) gene and identification of six novel mutations in early onset AD families,Nature genetics,11,2,219-222,1995,Nature Publishing Group
"Reiman, Eric M; Langbaum, Jessica; Fleisher, Adam S; Caselli, Richard J; Chen, Kewei; Ayutyanont, Napatkamon; Quiroz, Yakeel T; Kosik, Kenneth S; Lopera, Francisco; Tariot, Pierre N; ",Alzheimer's Prevention Initiative: a plan to accelerate the evaluation of presymptomatic treatments,Journal of Alzheimer's Disease,26,s3,321-329,2011,IOS Press
"Zhou, Kaixin; Dempfle, Astrid; Arcos‐Burgos, Mauricio; Bakker, Steven C; Banaschewski, Tobias; Biederman, Joseph; Buitelaar, Jan; Castellanos, F Xavier; Doyle, Alysa; Ebstein, Richard P; ",Meta‐analysis of genome‐wide linkage scans of attention deficit hyperactivity disorder,American Journal of Medical Genetics Part B: Neuropsychiatric Genetics,147,8,1392-1398,2008,Wiley Online Library
"Arcos-Burgos, M; Jain, M; Acosta, MT; Shively, S; Stanescu, H; Wallis, D; Domene, S; Vélez, Jorge I; Karkera, JD; Balog, J; ","A common variant of the latrophilin 3 gene, LPHN3, confers susceptibility to ADHD and predicts effectiveness of stimulant medication",Molecular psychiatry,15,11,1053-1066,2010,Nature Publishing Group
"Pineda, David A; Lopera, Francisco; Palacio, Juan D; Ramirez, Dora; Henao, Gloria C; ",Prevalence estimations of attention-deficit/hyperactivity disorder: differential diagnoses and comorbidities in a Colombian sample,International Journal of Neuroscience,113,1,49-71,2003,Taylor & Francis
"Pastor, Pau; Roe, Catherine M; Villegas, Andrés; Bedoya, Gabriel; Chakraverty, Sumi; Garcia, Gloria; Tirado, Victoria; Norton, Joanne; Ríos, Silvia; Martínez, Maribel; ",Apolipoprotein Eε4 modifies Alzheimer's disease onset in an E280A PS1 kindred,Annals of neurology,54,2,163-169,2003,Wiley Online Library
"Fleisher, Adam S; Chen, Kewei; Quiroz, Yakeel T; Jakimovich, Laura J; Gomez, Madelyn Gutierrez; Langois, Carolyn M; Langbaum, Jessica BS; Ayutyanont, Napatkamon; Roontiva, Auttawut; Thiyyagura, Pradeep; ",Florbetapir PET analysis of amyloid-β deposition in the presenilin 1 E280A autosomal dominant Alzheimer's disease kindred: a cross-sectional study,The Lancet Neurology,11,12,1057-1065,2012,Elsevier
"Pineda, DA; Lopera, F; Henao, GC; Palacio, JD; Castellanos, FX; Fundema, GDI; ",Confirmación de la alta prevalencia del trastorno por déficit de atención en una comunidad colombiana,Revista de neurología,32,3,217-222,2001,
"Parra, Mario A; Abrahams, Sharon; Logie, Robert H; Méndez, Luis G; Lopera, Francisco; Della Sala, Sergio; ",Visual short-term memory binding deficits in familial Alzheimer’s disease,Brain,133,9,2702-2713,2010,Oxford Univ Press
"Gómez-Isla, Teresa; Growdon, Whitfield B; McNamara, Megan J; Nochlin, David; Bird, Thomas D; Arango, Juan Carlos; Lopera, Francisco; Kosik, Kenneth S; Lantos, Peter L; Cairns, Nigel J; ","The impact of different presenilin 1 andpresenilin 2 mutations on amyloid deposition, neurofibrillary changes and neuronal loss in the familial Alzheimer's disease brain",Brain,122,9,1709-1719,1999,Oxford Univ Press
"Acosta-Baena, Natalia; Sepulveda-Falla, Diego; Lopera-Gómez, Carlos Mario; Jaramillo-Elorza, Mario César; Moreno, Sonia; Aguirre-Acevedo, Daniel Camilo; Saldarriaga, Amanda; Lopera, Francisco; ",Pre-dementia clinical stages in presenilin 1 E280A familial early-onset Alzheimer's disease: a retrospective cohort study,The Lancet Neurology,10,3,213-220,2011,Elsevier
"Sierra, M; Lopera, F; Lambert, MV; Phillips, ML; David, AS; ",Separating depersonalisation and derealisation: the relevance of the “lesion method”,"Journal of Neurology, Neurosurgery & Psychiatry",72,4,530-532,2002,BMJ Publishing Group Ltd
"Johnson, KA; Lopera, F; Jones, K; Becker, A; Sperling, R; Hilson, J; Londono, J; Siegert, I; Arcos, M; Moreno, S; ",Presenilin-1–associated abnormalities in regional cerebral perfusion,Neurology,56,11,1545-1551,2001,AAN Enterprises
"Quiroz, Yakeel T; Budson, Andrew E; Celone, Kim; Ruiz, Adriana; Newmark, Randall; Castrillón, Gabriel; Lopera, Francisco; Stern, Chantal E; ",Hippocampal hyperactivation in presymptomatic familial Alzheimer's disease,Annals of neurology,68,6,865-875,2010,Wiley Online Library
"Lendon, Corinne L; Martinez, Alonso; Behrens, Isabel Maria; Kosik, Kenneth S; Madrigal, Lucia; Norton, Joanne; Neuman, Rosalind; Myers, Amanda; Busfield, Frances; Wragg, Michelle; ",E280A PS‐1 mutation causes Alzheimer's disease but age of onset is not modified by ApoE alleles,Human mutation,10,3,186-195,1997,Wiley Online Library
"Arcos-Burgos, M; Castellanos, FX; Konecki, D; Lopera, F; Pineda, D; Palacio, JD; Rapoport, JL; Berg, K; Bailey-Wilson, J; Muenke, M; ",Pedigree disequilibrium test (PDT) replicates association and linkage between DRD4 and ADHD in multigenerational and extended pedigrees from a genetic isolate,Molecular psychiatry,9,3,252-259,2004,Nature Publishing Group
"Pineda, David A; Palacio, Luis Guillermo; Puerta, Isabel C; Merchán, Vilma; Arango, Clara P; Galvis, Astrid Yuleth; Gómez, Mónica; Aguirre, Daniel Camilo; Lopera, Francisco; Arcos-Burgos, Mauricio; ",Environmental influences that affect attention deficit/hyperactivity disorder,European child & adolescent psychiatry,16,5,337-346,2007,Springer
"Jain, Mahim; Palacio, Luis Guillermo; Castellanos, F Xavier; Palacio, Juan David; Pineda, David; Restrepo, Maria I; Muñoz, Juan F; Lopera, Francisco; Wallis, Deeann; Berg, Kate; ",Attention-deficit/hyperactivity disorder and comorbid disruptive behavior disorders: evidence of pleiotropy and new susceptibility loci,Biological psychiatry,61,12,1329-1339,2007,Elsevier
"Langbaum, Jessica B; Fleisher, Adam S; Chen, Kewei; Ayutyanont, Napatkamon; Lopera, Francisco; Quiroz, Yakeel T; Caselli, Richard J; Tariot, Pierre N; Reiman, Eric M; ",Ushering in the study and treatment of preclinical Alzheimer disease,Nature Reviews Neurology,9,7,371-381,2013,Nature Publishing Group
"D PALACIO, JUAN; Castellanos, F Xavier; Pineda, David A; Lopera, Francisco; Arcos-Burgos, Mauricio; T QUIROZ, YAKEEL; Henao, Gloria C; Puerta, Isabel C; Ramirez, Dora L; Rapoport, Judith L; ",Attention-deficit/hyperactivity disorder and comorbidities in 18 Paisa Colombian multigenerational families,Journal of the American Academy of Child & Adolescent Psychiatry,43,12,1506-1515,2004,Elsevier
"Arboleda–Velasquez, JF; Lopera, F; Lopez, E; Frosch, MP; Sepulveda–Falla, D; Gutierrez, JE; Vargas, S; Medina, M; De Arrieta, C Martinez; Lebo, RV; ",C455R notch3 mutation in a Colombian CADASIL kindred with early onset of stroke,Neurology,59,2,277-279,2002,AAN Enterprises
"Pineda-Trujillo, Nicolas; Carvajal-Carmona, Luis G; Buriticá, Omar; Moreno, Sonia; Uribe, Carlos; Pineda, David; Toro, Maria; Garcı́a, Francisco; Arias, William; Bedoya, Gabriel; ",A novel Cys212Tyr founder mutation in parkin and allelic heterogeneity of juvenile Parkinsonism in a population from North West Colombia,Neuroscience letters,298,2,87-90,2001,Elsevier
"Arboleda-Velasquez, Joseph F; Manent, Jan; Lee, Jeong Hyun; Tikka, Saara; Ospina, Carolina; Vanderburg, Charles R; Frosch, Matthew P; Rodríguez-Falcón, Manuel; Villen, Judit; Gygi, Steven; ",Hypomorphic Notch 3 alleles link Notch signaling to ischemic cerebral small-vessel disease,Proceedings of the National Academy of Sciences,108,21,E128-E135,2011,National Acad Sciences
"Ryman, Davis C; Acosta-Baena, Natalia; Aisen, Paul S; Bird, Thomas; Danek, Adrian; Fox, Nick C; Goate, Alison; Frommelt, Peter; Ghetti, Bernardino; Langbaum, Jessica BS; ",Symptom onset in autosomal dominant Alzheimer disease A systematic review and meta-analysis,Neurology,83,3,253-260,2014,AAN Enterprises
"Dorfman, Verónica Berta; Pasquini, Laura; Riudavets, Miguel; López-Costa, Juan José; Villegas, Andrés; Troncoso, Juan Carlos; Lopera, Francisco; Castaño, Eduardo Miguel; Morelli, Laura; ",Differential cerebral deposition of IDE and NEP in sporadic and familial Alzheimer's disease,Neurobiology of aging,31,10,1743-1757,2010,Elsevier
"Pineda, DA; Kamphaus, RW; Mora, O; Restrepo, MA; Puerta, IC; Palacio, LG; Jiménez, I; Mejía, S; García, M; Arango, JC; ","Sistema de evaluación multidimensional de la conducta. Escala para padres de niños de 6 a 11 años, versión colombiana",Revista de neurología,28,7,672-681,1999,
"Velez‐Pardo, Carlos; Arellano, Jon I; Cardona‐Gomez, Patricia; Del Rio, Marlene Jimenez; Lopera, Francisco; De Felipe, Javier; ",CA1 Hippocampal Neuronal Loss in Familial Alzheimer's Disease Presenilin‐1 E280A Mutation Is Related to Epilepsy,Epilepsia,45,7,751-756,2004,Wiley Online Library
"Giraldo, Margarita; Lopera, Francisco; Siniard, Ashley L; Corneveaux, Jason J; Schrauwen, Isabelle; Carvajal, Julian; Muñoz, Claudia; Ramirez-Restrepo, Manuel; Gaiteri, Chris; Myers, Amanda J; ",Variants in triggering receptor expressed on myeloid cells 2 are associated with both behavioral variant frontotemporal lobar degeneration and Alzheimer's disease,Neurobiology of aging,34,8,2077. e11-2077. e18,2013,Elsevier
"Castro-Rebolledo, R; Giraldo-Prieto, M; Hincapié-Henao, L; Lopera, F; Pineda, DA; ","Trastorno específico del desarrollo del lenguaje: una aproximación teórica a su diagnóstico, etiología y manifestaciones clínicas",Revista de Neurología,39,12,1173-1181,2004,
"Mejia, Silvia; Giraldo, Margarita; Pineda, David; Ardila, Alfredo; Lopera, Francisco; ",Nongenetic factors as modifiers of the age of onset of familial Alzheimer's disease,International Psychogeriatrics,15,4,337-349,2003,Cambridge Univ Press
"Velez-Pardo, Carlos; Arroyave, Sergio Tobon; Lopera, Francisco; Castaño, Alexandra Duque; Rio, Marlene Jimenez Del; ",Ultrastructure evidence of necrotic neural cell death in familial Alzheimer's disease brains bearing presenilin-1 E280A mutation,Journal of Alzheimer's Disease,3,4,409-415,2001,IOS Press
"Parra, Mario A; Della Sala, Sergio; Abrahams, Sharon; Logie, Robert H; Méndez, Luis Guillermo; Lopera, Francisco; ",Specific deficit of colour–colour short-term memory binding in sporadic and familial Alzheimer's disease,Neuropsychologia,49,7,1943-1952,2011,Elsevier
"Arcos‐Burgos, M; Castellanos, FX; Lopera, F; Pineda, D; Palacio, JD; Garcia, M; Henao, GC; Palacio, LG; Berg, K; Bailey‐Wilson, JE; ",Attention‐deficit/hyperactivity disorder (ADHD): feasibility of linkage analysis in a genetic isolate using extended and multigenerational pedigrees,Clinical genetics,61,5,335-343,2002,Wiley Online Library
"Ardila, Alfredo; Lopera, Francisco; Rosselli, Mónica; Moreno, Sonia; Madrigal, Lucia; Arango-Lasprilla, Juan C; Arcos, Mauricio; Murcia, Clara; Arango-Viana, Juan C; Ossa, Jorge; ",Neuropsychological profile of a large kindred with familial Alzheimer's disease caused by the E280A single presenilin-1 mutation,Archives of clinical neuropsychology,15,6,515-528,2000,Elsevier
"Bobes, Maria A; Lopera, Francisco; Garcia, Mauricio; Déaz-Comas, Lourdes; Galan, Lidice; Valdes-Sosa, Mitchell; ",Covert matching of unfamiliar faces in a case of prosopagnosia: An ERP study,Cortex,39,1,41-56,2003,Elsevier
"Bobes, Maria A; Lopera, F; Díaz Comas, L; Galan, L; Carbonell, F; Bringas, ML; Valdés‐Sosa, M; ",Brain potentials reflect residual face processing in a case of prosopagnosia,Cognitive Neuropsychology,21,7,691-718,2004,Taylor & Francis
"Roselli, Monica; Ardila, Alfredo Ardila; Pineda, David; Lopera, Francisco; ",Neuropsicología infantil,,,,,1997,Prensa Creativa
"Cuetos, Fernando; Arango-Lasprilla, Juan Carlos; Uribe, ClaramONika; Valencia, Claudia; Lopera, Francisco; Alberca, R; Salas, D; Perez-Gil, JA; Lozano, P; Gil-Neciga, E; ",Linguistic changes in verbal expression: a preclinical marker of Alzheimer's disease,Journal of the International Neuropsychological Society,13,3,433-439,2007,Cambridge Univ Press
"Escobar, Rodrigo; Rios, Alejandro; Montoya, Ivan D; Lopera, Francisco; Ramos, Daele; Carvajal, Carlos; Constain, Gustavo; Gutierrez, Juan E; Vargas, Sergio; Herrera, Claudia P; ",Clinical and cerebral blood flow changes in catatonic patients treated with ECT,Journal of psychosomatic research,49,6,423-429,2000,Elsevier
"Lopera, Francisco; Palacio, Luis Guillermo; Jiménez, Ivan; Villegas, Patricia; Puerta, Isabel Cristina; Pineda, David; Jiménez, Marta; Arcos-Burgos, Mauricio; ",Discriminación de factores genéticos en el déficit de atención (DDA),Rev Neurol,28,660,4,1999,
"Sepulveda‐Falla, Diego; Matschke, Jakob; Bernreuther, Christian; Hagel, Christian; Puig, Berta; Villegas, Andres; Garcia, Gloria; Zea, Julian; Gomez‐Mancilla, Baltazar; Ferrer, Isidre; ",Deposition of hyperphosphorylated tau in cerebellum of PS1 E280A Alzheimer's disease,Brain Pathology,21,4,452-463,2011,Wiley Online Library
"Bobes, María A; García, Yuriem Fernández; Lopera, Francisco; Quiroz, Yakeel T; Galán, Lídice; Vega, Mayrim; Trujillo, Nelson; Valdes‐Sosa, Mitchell; Valdes‐Sosa, Pedro; ",ERP generator anomalies in presymptomatic carriers of the Alzheimer's disease E280A PS‐1 mutation,Human brain mapping,31,2,247-265,2010,Wiley Online Library
"Garcia-Ospina, GP; Jimenez-Del Rio, M; Lopera, F; Velez-Pardo, C; ","[Neuronal DNA damage correlates with a positive detection of c-Jun, nuclear factor kB, p53 and Par-4 transcription factors in Alzheimer's disease].",Revista de neurologia,36,11,1004-1010,2002,
"Jimenez Del Rio, Marlene; Moreno, Sonia; Garcia‐Ospina, Gloria; Buritica, Omar; Uribe, Carlos S; Lopera, Francisco; Velez‐Pardo, Carlos; ",Autosomal recessive juvenile parkinsonism Cys212Tyr mutation in parkin renders lymphocytes susceptible to dopamine‐and iron‐mediated apoptosis,Movement disorders,19,3,324-330,2004,Wiley Online Library
"Arango-Lasprilla, Juan Carlos; Cuetos, Fernando; Valencia, Claudia; Uribe, Claramonika; Lopera, Francisco; ",Cognitive changes in the preclinical phase of familial Alzheimer's disease,Journal of clinical and experimental neuropsychology,29,8,892-900,2007,Taylor & Francis
"Lopera, Francisco; Arcos, Mauricio; Madrigal, Lucía; Kosik, Kenneth; Cornejo, William; Ossa, Jorge; ","Demencia tipo Alzheimer con agregación familiar enAntioquia, Colombia",Acta Neurol Colomb,10,4,,1994,
"Pineda, DA; Lopera, F; Henao, GC; Palacio, JD; Castellanos, FX; ",[Confirmation of the high prevalence of attention deficit disorder in a Colombian community].,Revista de neurologia,32,3,217-222,2000,
"Arango-Lasprilla, Juan Carlos; Rogers, Heather; Lengenfelder, Jean; DeLuca, John; Moreno, Sonia; Lopera, Francisco; ",Cortical and subcortical diseases: Do true neuropsychological differences exist?,Archives of clinical neuropsychology,21,1,29-40,2006,Elsevier
"Aguirre-Acevedo, DC; Gómez, R; Moreno, S; Henao-Arboleda, E; Motta, M; Muñoz, C; Arana, A; Pineda, DA; Lopera, F; ",Validez y fiabilidad de la batería neuropsicológica CERAD-Col,Rev Neurol,46,,655-660,2007,
"Velez-Pardo, Carlos; Del Rio, Marlene Jimenez; Lopera, Francisco; ","Familial Alzheimer’s Disease: Oxidative Stress, β-amyloid, Presenilins, and Cell Death",General Pharmacology: The Vascular System,31,5,675-681,1998,Elsevier
"Van Vickle, Gregory D; Esh, Chera L; Kokjohn, Tyler A; Patton, R Lyle; Kalback, Walter M; Luehrs, Dean C; Beach, Thomas G; Newel, Amanda J; Lopera, Francisco; Ghetti, Bernardino; ",Presenilin-1 280Glu→ Ala Mutation Alters C-Terminal APP Processing Yielding Longer A beta Peptides: Implications for Alzheimer's Disease,MOLECULAR MEDICINE-CAMBRIDGE MA THEN NEW YORK-,14,3/4,184,2008,"BLACKWELL SCIENCE, INC."
"Pineda, DA; Puerta, IC; Merchán, V; Arango, CP; Galvis, AY; Velásquez, B; Gómez, M; Builes, A; Zapata, M; Montoya, P; ",Factores perinatales asociados con la apariciÓn del trastorno por deficiencia de atenciÓn en niños de la comunidad colombiana'paisa',Revista de neurología,36,7,609-613,2003,Viguera
"Henao-Arboleda, E; Aguirre-Acevedo, DC; Muñoz, C; Pineda, Daniel A; Lopera, F; ",Prevalencia de deterioro cognitivo leve de tipo amnésico en una población colombiana,Rev neurol,46,12,709-13,2008,
"Valdés-Sosa, Mitchell; Bobes, Maria A; Quiñones, Ileana; Garcia, Lorna; Valdes-Hernandez, Pedro A; Iturria, Yasser; Melie-Garcia, Lester; Lopera, Francisco; Asencio, José; ",Covert face recognition without the fusiform-temporal pathways,Neuroimage,57,3,1162-1176,2011,Elsevier
"Aguirre-Acevedo, DC; Gomez, RD; Moreno, S; Henao-Arboleda, E; Motta, M; Munoz, C; Arana, A; Pineda, DA; Lopera, F; ",[Validity and reliability of the CERAD-Col neuropsychological battery],Revista de neurologia,45,11,655-660,2006,
"Quiroz, Yakeel T; Stern, Chantal E; Reiman, Eric M; Brickhouse, Michael; Ruiz, Adriana; Sperling, Reisa A; Lopera, Francisco; Dickerson, Bradford C; ",Cortical atrophy in presymptomatic Alzheimer's disease presenilin 1 mutation carriers,"Journal of Neurology, Neurosurgery & Psychiatry",84,5,556-561,2013,BMJ Publishing Group Ltd
"Fleisher, Adam S; Chen, Kewei; Quiroz, Yakeel T; Jakimovich, Laura J; Gomez, Madelyn Gutierrez; Langois, Carolyn M; Langbaum, Jessica BS; Roontiva, Auttawut; Thiyyagura, Pradeep; Lee, Wendy; ",Associations between biomarkers and age in the presenilin 1 E280A autosomal dominant Alzheimer disease kindred: a cross-sectional study,JAMA neurology,72,3,316-324,2015,American Medical Association
"Quiroz, YT; Ally, BA; Celone, K; McKeever, J; Ruiz-Rizzo, AL; Lopera, F; Stern, CE; Budson, AE; ",Event-related potential markers of brain changes in preclinical familial Alzheimer disease,Neurology,77,5,469-475,2011,AAN Enterprises
"Lopera, Francisco; Ardila, Alfredo; ",Prosopamnesia and visuolimbic disconnection syndrome: A case study.,Neuropsychology,6,1,3,1992,Educational Publishing Foundation
"Méndez, Luis; Giraldo, Oscar; Aguirre-Acevedo, Daniel; Lopera, Francisco; ","Relación entre ansiedad, depresión, estrés y sobrecarga en cuidadores familiares de personas con demencia tipo Alzheimer por mutación e280a en presenilina 1",Rev. chil. neuropsicol.(En línea),5,2,137-145,2010,
"Pineda, David A; Aguirre, Daniel C; Garcia, Mauricio A; Lopera, Francisco J; Palacio, Luis G; Kamphaus, Randy W; ",Validation of two rating scales for attention-deficit hyperactivity disorder diagnosis in Colombian children,Pediatric neurology,33,1,15-25,2005,Elsevier
"Sepulveda-Falla, Diego; Barrera-Ocampo, Alvaro; Hagel, Christian; Korwitz, Anne; Vinueza-Veloz, Maria Fernanda; Zhou, Kuikui; Schonewille, Martijn; Zhou, Haibo; Velazquez-Perez, Luis; Rodriguez-Labrada, Roberto; ",Familial Alzheimer’s disease–associated presenilin-1 alters cerebellar activity and calcium homeostasis,The Journal of clinical investigation,124,4,1552-1567,2014,Am Soc Clin Investig
"Cornejo, William; Lopera, F; Uribe, C; Salinas, Miriam; ",Descripción de una familia con demencia presenil tipo Alzheimer,Acta Médica Colombiana,12,2,,1987,
"Sepulveda-Falla, Diego; Glatzel, Markus; Lopera, Francisco; ",Phenotypic profile of early-onset familial Alzheimer's disease caused by presenilin-1 E280A mutation,Journal of Alzheimer's Disease,32,1,1-12,2012,IOS Press
"Lopera, Francisco; ",Anamnesis en el estudio del paciente con demencia,Rev neurol,32,12,1187-91,2001,
"Muñoz, Angélica María; Agudelo, Gloria María; Lopera, Francisco Javier; ","D iagnóstico del estado nutricional de los pacientes con demencia tipo Alzheimer registrados en el Grupo de Neurocienciais, Medellín, 2004",Biomédica,26,1,113-25,2006,Instituto Nacional de Salud
"Hincapié, Liliana; Giraldo, Mario; Castro, Rodrigo; Lopera, Francisco; Pineda, David; Lopera, Egidio; ",Propiedades linguisticas de los trastornos especificos del desarrollo del lenguaje,Revista latinoamericana de psicología,39,1,47,2007,FUNDACION PARA EL AVANCE DE LA PSICOLOGIA
"Lasprilla, Juan Carlos Arango; Iglesias, Jaime; Lopera, Francisco; ",Neuropsychological stydy of familial Alzheimer's disease caused by mutation E280A in the presenilin 1 gene,American journal of Alzheimer's disease and other dementias,18,3,137-146,2003,SAGE Publications
"Arboleda-Ramírez, A; Lopera-Vásquez, JP; Hincapié-Henao, L; Giraldo-Prieto, M; Pineda, David A; Lopera, Francisco; Lopera-Echeverri, E; ",Trastorno específico del desarrollo del lenguaje: problema selectivo o generalizado de la cognición,Revista de Neurología,44,10,596-600,2007,
"Arcos-Burgos, Mauricio; Londoño, Ana C; Pineda, David A; Lopera, Francisco; Palacio, Juan David; Arbelaez, Andres; Acosta, Maria T; Vélez, Jorge I; Castellanos, Francisco Xavier; Muenke, Maximilian; ",Analysis of brain metabolism by proton magnetic resonance spectroscopy (1H-MRS) in attention-deficit/hyperactivity disorder suggests a generalized differential ontogenic pattern from controls,ADHD Attention Deficit and Hyperactivity Disorders,4,4,205-212,2012,Springer
"Pineda‐Trujillo, Nicolas; Apergi, Maria; Moreno, Sonia; Arias, William; Lesage, Suzanne; Franco, Alejandro; Sepulveda‐Falla, Diego; Cano, David; Buriticá, Omar; Pineda, David; ",A genetic cluster of early onset Parkinson's disease in a Colombian population,American Journal of Medical Genetics Part B: Neuropsychiatric Genetics,141,8,885-889,2006,Wiley Online Library
"MacPherson, Sarah E; Parra, Mario A; Moreno, Sonia; Lopera, Francisco; Della Sala, Sergio; ",Dual task abilities as a possible preclinical marker of Alzheimer's disease in carriers of the E280A presenilin-1 mutation,Journal of the International Neuropsychological Society,18,02,234-241,2012,Cambridge Univ Press
"Lopera, Francisco; ",La enfermedad de Alzheimer Familiar,"Revista Neuropsicología, Neuropsiquiatría y Neurociencias",12,1,163-188,2012,
"Lopera, Francisco; ",Evolución y cognición,"Revista Neuropsicología, Neuropsiquiatría y Neurociencias",6,1,27-34,2004,
"Londono, Ana C; Castellanos, Francisco X; Arbelaez, Andres; Ruiz, Adriana; Aguirre-Acevedo, Daniel C; Richardson, Alice M; Easteal, Simon; Lidbury, Brett A; Arcos-Burgos, Mauricio; Lopera, Francisco; ",An 1 H-MRS framework predicts the onset of Alzheimer's disease symptoms in PSEN1 mutation carriers,Alzheimer's & Dementia,10,5,552-561,2014,Elsevier
"Giraldo, Margarita; Lopera, Francisco Javier; ",Rehabilitación cognitiva en un caso de alteraciones neuropsicológicas y funcionales por traumatismo craneoencefálico severo,Revista Chilena de Neuropsicología,4,1,52-63,2009,
"Vélez, Jorge I; Chandrasekharappa, Settara C; Henao, E; Martinez, Ariel F; Harper, U; Jones, Marypat; Solomon, Benjamin D; Lopez, L; Garcia, Gloria; Aguirre-Acevedo, DC; ",Pooling/bootstrap-based GWAS (pbGWAS) identifies new loci modifying the age of onset in PSEN1 p. Glu280Ala Alzheimer's disease,Molecular psychiatry,18,5,568-575,2013,Nature Publishing Group
"Lopera, F; Palacio, LG; Jimenez, I; Villegas, P; Puerta, IC; Pineda, D; Jiménez, M; Arcos-Burgos, M; ",[Discrimination between genetic factors in attention deficit],Revista de neurologia,28,7,660-664,1998,
"Pineda, DA; Kamphaus, RW; Mora, O; Restrepo, MA; Puerta, IC; Palacio, LG; Jiménez, I; Mejía, S; García, M; Arango, JC; ",[A system of multidimensional behavior assessment. A scale for parents of children from 6 to 11 years of age. Colombian version],Revista de neurologia,28,7,672-681,1998,
"Lopera, F; Tobón, N; Arcos-Burgos, M; Vargas, S; Gutierrez, JE; Rosselli, M; Ardila, A; ",[Image characterization of Alzheimer's disease associated with the E280A-PS1 mutation. Case-control study: MRI findings],Revista de neurologia,29,1,6-12,1998,
"Lalli, Matthew A; Cox, Hannah C; Arcila, Mary L; Cadavid, Liliana; Moreno, Sonia; Garcia, Gloria; Madrigal, Lucia; Reiman, Eric M; Arcos-Burgos, Mauricio; Bedoya, Gabriel; ",Origin of the PSEN1 E280A mutation causing early-onset Alzheimer's disease,Alzheimer's & Dementia,10,5,S277-S283. e10,2014,Elsevier
"Tirado, V; Muñoz, C; Aguirre, C; Pineda, DA; Lopera, Francisco; ",Desempeño de portadores y no portadores de la mutación E280A para la enfermedad de Alzheimer familiar en una prueba de denominación,Revista de neurología,39,4,322-326,2004,Viguera
"Trujillo-Orrego, N; Pineda, DA; Arango, CP; Puerta, IC; Lopera, F; Aguirre-Acevedo, DC; Hincapié-Henao, L; Pineda-Álvarez, DE; Arcos-Burgos, M; Muenke, M; ",Dimensiones del fenotipo conductual del trastorno por déficit de atención/hiperactividad en adultos de familias antioqueñas utilizando la escala Wender-Utah en español,Revista de neurología,48,8,400-406,2009,Viguera
"Reiman, Eric M; Langbaum, Jessica B; Tariot, Pierre N; Lopera, Francisco; Bateman, Randall J; Morris, John C; Sperling, Reisa A; Aisen, Paul S; Roses, Allen D; Welsh-Bohmer, Kathleen A; ",CAP [mdash] advancing the evaluation of preclinical Alzheimer disease treatments,Nature Reviews Neurology,,,,2015,Nature Publishing Group
"García, Antonio; Lopera, Francisco; Madrigal, Lucía; Ossa, Jorge; ","Hacia el enunciado de dilemas éticos sobre la enfermedad de Alzheimer precoz, en Antioquia, Colombia",Iatreia,16,2,174-182,2003,
"Quiroz, Yakeel T; Schultz, Aaron P; Chen, Kewei; Protas, Hillary D; Brickhouse, Michael; Fleisher, Adam S; Langbaum, Jessica B; Thiyyagura, Pradeep; Fagan, Anne M; Shah, Aarti R; ",Brain imaging and blood biomarker abnormalities in children with autosomal dominant Alzheimer disease: a cross-sectional study,JAMA neurology,72,8,912-919,2015,American Medical Association
"Velez-Pardo, C; Lopera, F; Jimenez Del Rio, M; ",DNA Damage does not Correlate with Amyloid-ß-Plaques and Neurofibrillary Tangles in Familial Alzheimer's Disease Presenilin-1 [E280A] Mutation,Journal of Alzheimer's Disease,2,1,47-57,2000,IOS Press
"Tirado, V; Motta, M; Aguirre-Acevedo, DC; Pineda, DA; Lopera, F; ",Análisis de las intrusiones en una prueba de memoria como posible marcador preclínico de enfermedad de Alzheimer en portadores de la mutación E280A de la presenilina-1,Revista de neurología,47,6,290-294,2008,Viguera
"Pineda, David A; Lopera, Francisco; Puerta, Isabel C; Trujillo-Orrego, Natalia; Aguirre-Acevedo, Daniel C; Hincapié-Henao, Liliana; Arango, Clara P; Acosta, Maria T; Holzinger, Sandra I; Palacio, Juan David; ",Potential cognitive endophenotypes in multigenerational families: segregating ADHD from a genetic isolate,ADHD Attention Deficit and Hyperactivity Disorders,3,3,291-299,2011,Springer
"Velásquez, M; Arcos-Burgos, M; Toro, ME; Castaño, A; Madrigal, L; Moreno, S; Jaramillo, N; Lopera, F; ","Análisis factorial y discriminante de variables neuropsicológicas en la demencia tipo Alzheimer de inicio tardío, familiar y esporádica",Revista de Neurología,31,6,501-506,2000,
"Parra, Mario A; Saarimäki, Heini; Bastin, Mark E; Londoño, Ana C; Pettit, Lewis; Lopera, Francisco; Della Sala, Sergio; Abrahams, Sharon; ",Memory binding and white matter integrity in familial Alzheimer’s disease,Brain,,,awv048,2015,Oxford Univ Press
"Rodriguez, Rene; Lopera, Francisco; Alvarez, Alfredo; Fernandez, Yuriem; Galan, Lidice; Quiroz, Yakeel; Bobes, Maria Antonieta; ",Spectral analysis of EEG in familial Alzheimer’s disease with E280A presenilin-1 mutation gene,International Journal of Alzheimer’s Disease,2014,,,2014,Hindawi Publishing Corporation
"Henao-Arboleda, E; Aguirre-Acevedo, DC; Munoz, C; Pineda, DA; Lopera, F; ","[Prevalence of mild cognitive impairment, amnestic-type, in a Colombian population]",Revista de neurologia,46,12,709-713,2007,
"Wallis, Deeann; Arcos-Burgos, Mauricio; Jain, Mahim; Castellanos, F Xavier; Palacio, Juan David; Pineda, David; Lopera, Francisco; Stanescu, Horia; Pineda, Daniel; Berg, Kate; ",Polymorphisms in the neural nicotinic acetylcholine receptor α4 subunit (CHRNA4) are associated with ADHD in a genetic isolate,ADHD Attention Deficit and Hyperactivity Disorders,1,1,19-24,2009,Springer
"Lopera, F; Palacio, LG; Jimenez, I; Villegas, P; Puerta, IC; Pineda, D; Jimenez, M; Arcos-Burgos, M; ",Genetic and environmental factors discrimination in attention deficit hyperactivity disorder,REVISTA DE NEUROLOGIA,28,7,660-664,1999,"C/O CESAR VIGUERA, EDITOR, APDO 94121, 08080 BARCELONA, SPAIN"
"Molina, Alejandro; Mondragon, Fanor; ",Reactivity of coal gasification with steam and CO 2,Fuel,77,15,1831-1839,1998,Elsevier
"Gallego, Germán Sierra; Mondragón, Fanor; Barrault, Joel; Tatibouët, Jean-Michel; Batiot-Dupeyrat, Catherine; ",CO 2 reforming of CH 4 over La–Ni based perovskite precursors,Applied Catalysis A: General,311,,164-171,2006,Elsevier
"Mondragon, Fanor; Rincon, Fabio; Sierra, Ligia; Escobar, Jaime; Ramirez, Jose; Fernandez, John; ",New perspectives for coal ash utilization: synthesis of zeolitic materials,Fuel,69,2,263-266,1990,Elsevier
"Daza, Carlos Enrique; Gallego, Jaime; Mondragón, Fanor; Moreno, Sonia; Molina, Rafael; ",High stability of Ce-promoted Ni/Mg–Al catalysts derived from hydrotalcites in dry reforming of methane,Fuel,89,3,592-603,2010,Elsevier
"Gallego, German Sierra; Batiot-Dupeyrat, Catherine; Barrault, Joel; Florez, Elizabeth; Mondragon, Fanor; ","Dry reforming of methane over LaNi 1− y B y O 3±δ (B= Mg, Co) perovskites used as catalyst precursor",Applied Catalysis A: General,334,1,251-258,2008,Elsevier
"Montoya, Alejandro; Mondragon, Fanor; Truong, Thanh N; ",CO 2 adsorption on carbonaceous surfaces: a combined experimental and theoretical study,Carbon,41,1,29-39,2003,Elsevier
"Daza, Carlos Enrique; Gallego, Jaime; Moreno, Jorge Andrés; Mondragón, Fanor; Moreno, Sonia; Molina, Rafael; ",CO 2 reforming of methane over Ni/Mg/Al/Ce mixed oxides,Catalysis Today,133,,357-366,2008,Elsevier
"Gallego, Germán Sierra; Marín, Jaime Gallego; Batiot-Dupeyrat, Catherine; Barrault, Joël; Mondragón, Fanor; ",Influence of Pr and Ce in dry methane reforming catalysts produced from La 1− x A x NiO 3− δ perovskites,Applied Catalysis A: General,369,1,97-103,2009,Elsevier
"Montoya, Alejandro; Mondragon, Fanor; Truong, Thanh N; ",First-principles kinetics of CO desorption from oxygen species on carbonaceous surface,The Journal of Physical Chemistry A,106,16,4236-4239,2002,ACS Publications
"Gallego, Germán Sierra; Mondragón, Fanor; Tatibouët, Jean-Michel; Barrault, Joël; Batiot-Dupeyrat, Catherine; ",Carbon dioxide reforming of methane over La 2 NiO 4 as catalyst precursor—characterization of carbon deposition,Catalysis Today,133,,200-209,2008,Elsevier
"Montoya, Alejandro; Truong, Thanh-Thai T; Mondragon, Fanor; Truong, Thanh N; ",CO desorption from oxygen species on carbonaceous surface: 1. Effects of the local structure of the active site and the surface coverage,The Journal of Physical Chemistry A,105,27,6757-6764,2001,ACS Publications
"Hincapié, Gina; Mondragón, Fanor; López, Diana; ",Conventional and in situ transesterification of castor seed oil for biodiesel production,Fuel,90,4,1618-1623,2011,Elsevier
"García, Verónica; Fernández, Jhon J; Ruíz, Wilson; Mondragón, Fanor; Moreno, Andrés; ",Effect of MgO addition on the basicity of Ni/ZrO 2 and on its catalytic activity in carbon dioxide reforming of methane,Catalysis Communications,11,4,240-246,2009,Elsevier
"Lopez, D; Sanada, Y; Mondragon, F; ",Effect of low-temperature oxidation of coal on hydrogen-transfer capability,Fuel,77,14,1623-1628,1998,Elsevier
"Garcia, Pilar; Hall, Peter J; Mondragon, Fanor; ",The use of differential scanning calorimetry to identify coals susceptible to spontaneous combustion,Thermochimica acta,336,1,41-46,1999,Elsevier
"Espinal, Juan F; Montoya, Alejandro; Mondragon, Fanor; Truong, Thanh N; ",A DFT study of interaction of carbon monoxide with carbonaceous materials,The Journal of Physical Chemistry B,108,3,1003-1008,2004,ACS Publications
"Santamaría, Alexander; Mondragón, Fanor; Molina, Alejandro; Marsh, Nathan D; Eddings, Eric G; Sarofim, Adel F; ",FT-IR and 1 H NMR characterization of the products of an ethylene inverse diffusion flame,Combustion and flame,146,1,52-62,2006,Elsevier
"Sierra Gallego, Germán; Batiot-Dupeyrat, Catherine; Barrault, Joël; Mondragón, Fanor; ",Dual active-site mechanism for dry methane reforming over Ni/La2O3 produced from LaNiO3 perovskite,Industrial & Engineering Chemistry Research,47,23,9272-9278,2008,ACS Publications
"Florez, Elizabeth; Tiznado, William; Mondragón, Fanor; Fuentealba, Patricio; ",Theoretical study of the interaction of molecular oxygen with copper clusters,The Journal of Physical Chemistry A,109,34,7815-7821,2005,ACS Publications
"Mondragon, Fanor; Fernandez, John; Jaramillo, Alfredo; Quintero, Gustavo; ",Process for making activated charcoal,,,,,1997,Google Patents
"Sánchez, Julián A; Hernández, Diana L; Moreno, Jorge A; Mondragón, Fanor; Fernández, Jhon J; ",Alternative carbon based acid catalyst for selective esterification of glycerol to acetylglycerols,Applied Catalysis A: General,405,1,55-60,2011,Elsevier
"Batiot-Dupeyrat, Catherine; Gallego, German Alberto Sierra; Mondragon, Fanor; Barrault, Joël; Tatibouët, Jean-Michel; ",CO 2 reforming of methane over LaNiO 3 as precursor material,Catalysis today,107,,474-480,2005,Elsevier
"Salamanca, Maurin; Mondragón, Fanor; Agudelo, Jhon Ramiro; Benjumea, Pedro; Santamaría, Alexander; ",Variations in the chemical composition and morphology of soot induced by the unsaturation degree of biodiesel and a biodiesel blend,Combustion and Flame,159,3,1100-1108,2012,Elsevier
"Santamaria, Alexander; Yang, Nancy; Eddings, Eric; Mondragon, Fanor; ",Chemical and morphological characterization of soot and soot precursors generated in an inverse diffusion flame with aromatic and aliphatic fuels,Combustion and flame,157,1,33-42,2010,Elsevier
"Mejía, Sol M; Espinal, Juan F; Restrepo, Albeiro; Mondragón, Fanor; ",Molecular interaction of (ethanol) 2-water heterotrimers,The Journal of Physical Chemistry A,111,33,8250-8256,2007,ACS Publications
"Garcı́a, Pilar; Espinal, Juan F; de Lecea, Concepción Salinas Martı́nez; Mondragón, Fanor; ",Experimental characterization and molecular simulation of nitrogen complexes formed upon NO–char reaction at 270 C in the presence of H 2 O and O 2,Carbon,42,8,1507-1515,2004,Elsevier
"Montoya, Alejandro; Mondragón, Fanor; Truong, Thanh N; ","Formation of CO precursors during char gasification with O 2, CO 2 and H 2 O",Fuel processing technology,77,,125-130,2002,Elsevier
"Gallego, Germán Sierra; Barrault, Joël; Batiot-Dupeyrat, Catherine; Mondragón, Fanor; ",Production of hydrogen and MWCNTs by methane decomposition over catalysts originated from LaNiO 3 perovskite,Catalysis Today,149,3,365-371,2010,Elsevier
"Wang, Yan; Florez, Elizabeth; Mondragon, Fanor; Truong, Thanh N; ",Effects of metal–support interactions on the electronic structures of metal atoms adsorbed on the perfect and defective MgO (100) surfaces,Surface science,600,9,1703-1713,2006,Elsevier
"López, Diana; Buitrago, Robison; Sepúlveda-Escribano, Antonio; Rodríguez-Reinoso, Francisco; Mondragón, Fanor; ",Low-temperature catalytic adsorption of NO on activated carbon materials,Langmuir,23,24,12131-12137,2007,ACS Publications
"Garcı́a, Pilar; Coloma, Fernando; de Lecea, Concepción Salinas Martınez; Mondragón, Fanor; ",Nitrogen complexes formation during NO–C reaction at low temperature in presence of O 2 and H 2 O,Fuel Processing Technology,77,,255-259,2002,Elsevier
"Espinal, Juan F; Mondragon, Fanor; Truong, Thanh N; ",Mechanisms for methane and ethane formation in the reaction of hydrogen with carbonaceous materials,Carbon,43,9,1820-1827,2005,Elsevier
"Sánchez, Astrid; Mondragón, Fanor; ",Role of the epoxy group in the heterogeneous CO2 evolution in carbon oxidation reactions,The Journal of Physical Chemistry C,111,2,612-617,2007,ACS Publications
"Mejía, Sol M; Espinal, Juan F; Mondragón, Fanor; ","Cooperative effects on the structure and stability of (ethanol) 3–water,(methanol) 3–water heterotetramers and (ethanol) 4,(methanol) 4 tetramers",Journal of Molecular Structure: THEOCHEM,901,1,186-193,2009,Elsevier
"Florez, Elizabeth; Fuentealba, Patricio; Mondragón, Fanor; ","Chemical reactivity of oxygen vacancies on the MgO surface: Reactions with CO 2, NO 2 and metals",Catalysis Today,133,,216-222,2008,Elsevier
"Mondragon, Fanor; Ouchi, Koji; ",New method for obtaining the distillation curves of petroleum products and coal-derived liquids using a small amount of sample,Fuel,63,1,61-65,1984,Elsevier
"Gallego, Jaime; Sierra, German; Mondragon, Fanor; Barrault, Joël; Batiot-Dupeyrat, Catherine; ",Synthesis of MWCNTs and hydrogen from ethanol catalytic decomposition over a Ni/La 2 O 3 catalyst produced by the reduction of LaNiO 3,Applied Catalysis A: General,397,1,73-81,2011,Elsevier
"Salamanca, Maurin; Mondragón, Fanor; Agudelo, John R; Santamaría, Alexander; ",Influence of palm oil biodiesel on the chemical and morphological characteristics of particulate matter emitted by a diesel engine,Atmospheric environment,62,,220-227,2012,Elsevier
"Mondragon, Fanor; Itoh, Hironori; Ouchi, Koki; ",Solubility increase of coal by alkylation with various alcohols,Fuel,61,11,1131-1134,1982,Elsevier
"Montoya, Alejandro; Mondragón, Fanor; Truong, Thanh N; ",Adsorption on carbonaceous surfaces: cost-effective computational strategies for quantum chemistry studies of aromatic systems,Carbon,40,11,1863-1872,2002,Elsevier
"Espinal, Juan F; Mondragón, Fanor; Truong, Thanh N; ",Thermodynamic evaluation of steam gasification mechanisms of carbonaceous materials,Carbon,47,13,3010-3018,2009,Elsevier
"Lopez, Diana; Buitrago, Robison; Sepulveda-Escribano, Antonio; Rodriguez-Reinoso, Francisco; Mondragon, Fanor; ",Low temperature catalytic adsorption of SO2 on activated carbon,The Journal of Physical Chemistry C,112,39,15335-15340,2008,ACS Publications
"Florez, Elizabeth; Mondragón, Fanor; Fuentealba, Patricio; ","Effect of Ni and Pd on the geometry, electronic properties, and active sites of copper clusters",The Journal of Physical Chemistry B,110,28,13793-13798,2006,ACS Publications
"Orrego, Juan F; Zapata, Felipe; Truong, Thanh N; Mondragón, Fanor; ",Heterogeneous CO2 evolution from oxidation of aromatic carbon-based materials,The Journal of Physical Chemistry A,113,29,8415-8420,2009,ACS Publications
"López, Diana; Buitrago, Robison; Sepúlveda-Escribano, Antonio; Rodríguez-Reinoso, Francisco; Mondragón, Fanor; ",Surface complexes formed during simultaneous catalytic adsorption of NO and SO2 on activated carbons at low temperatures,The Journal of Physical Chemistry C,111,3,1417-1423,2007,ACS Publications
"Santamaría, Alexander; Mondragon, Fanor; Quinonez, Wiston; Eddings, Eric G; Sarofim, Adel F; ",Average structural analysis of the extractable material of young soot gathered in an ethylene inverse diffusion flame,Fuel,86,12,1908-1917,2007,Elsevier
"Espinal, Juan F; Truong, Thanh N; Mondragón, Fanor; ",Mechanisms of NH 3 formation during the reaction of H 2 with nitrogen containing carbonaceous materials,Carbon,45,11,2273-2279,2007,Elsevier
"Acelas, Nancy Y; Mejia, Sol M; Mondragón, Fanor; Flórez, Elizabeth; ","Density functional theory characterization of phosphate and sulfate adsorption on Fe-(hydr) oxide: Reactivity, pH effect, estimation of Gibbs free energies, and topological analysis of hydrogen bonds",Computational and Theoretical Chemistry,1005,,16-24,2013,Elsevier
"Mondragon, Fanor; Makabe, Masataka; Itoh, Hironori; Ouchi, Koji; ",Coal liquefaction by the hydrogen produced from methanol,Fuel,61,4,392-393,1982,Elsevier
"Montoya, Alejandro; Mondragón, Fanor; Truong, Thanh N; ",Kinetics of nitric oxide desorption from carbonaceous surfaces,Fuel processing technology,77,,453-458,2002,Elsevier
"Mondragon, Fanor; Kamoshita, Ryuji; Katoh, Takashi; Itoh, Hironori; Ouchi, Koji; ",Coal liquefaction by the hydrogen produced from methanol: 2. Model compound studies,Fuel,63,5,579-585,1984,Elsevier
"López, Diana; Acelas, Nancy; Mondragón, Fanor; ",Average structural analysis of tar obtained from pyrolysis of wood,Bioresource technology,101,7,2458-2465,2010,Elsevier
"Molina, Alejandro; Montoya, Alejandro; Mondragón, Fanor; ",CO 2 strong chemisorption as an estimate of coal char gasification reactivity,Fuel,78,8,971-977,1999,Elsevier
"Hernández, Diana; Fernández, Jhon J; Mondragón, Fanor; López, Diana; ",Production and utilization performance of a glycerol derived additive for diesel engines,Fuel,92,1,130-136,2012,Elsevier
"Hall, Peter J; Galan, David Gascon; Machado, Wilson Ruiz; Mondragon, Fanor; Barria, Elizabeth Barrientos; Sherrington, David C; Calo, Joseph M; ",Use of contrast-enhanced small-angle neutron scattering to monitor the effects of solvent swelling on the pore structure of styrene–divinylbenzene resins,"Journal of the Chemical Society, Faraday Transactions",93,3,463-466,1997,Royal Society of Chemistry
"Mejía, Sol M; Mills, Matthew JL; Shaik, Majeed S; Mondragon, Fanor; Popelier, Paul LA; ",The dynamic behavior of a liquid ethanol–water mixture: a perspective from quantum chemical topology,Physical Chemistry Chemical Physics,13,17,7821-7833,2011,Royal Society of Chemistry
"Florez, Elizabeth; Mondragón, Fanor; Truong, Thanh N; Fuentealba, Patricio; ",Transition-metal atom adsorption on an F s defect site of MgO (100) and the interaction with a hydrogen atom,Physical Review B,73,11,115423,2006,APS
"Montoya, A; Gil, JO; Mondragon, F; Truong, TN; ",Oxygen adsorption on nitrogen containing carbon surfaces.,ABSTRACTS OF PAPERS OF THE AMERICAN CHEMICAL SOCIETY,224,,U557-U557,2002,"AMER CHEMICAL SOC 1155 16TH ST, NW, WASHINGTON, DC 20036 USA"
"Sánchez, Astrid; Eddings, Eric; Mondragón, Fanor; ","Fourier Transform Infrared (FTIR) online monitoring of NO, N2O, and CO2 during oxygen-enriched combustion of carbonaceous materials",Energy & Fuels,24,9,4849-4853,2010,ACS Publications
"Mejía, Sol M; Flórez, Elizabeth; Mondragón, Fanor; ","An orbital and electron density analysis of weak interactions in ethanol-water, methanol-water, ethanol and methanol small clusters",The Journal of chemical physics,136,14,144306,2012,AIP Publishing
"Mondragon, F; Jaramillo, A; Saldarriaga, F; Quintero, G; Fernandez, J; Ruiz, W; Hall, PJ; ",The effects of morphological changes and mineral matter on H 2 S evolution during coal pyrolysis,Fuel,78,15,1841-1846,1999,Elsevier
"Ozaki, Yoshihide; Mondragon, Fanor; Makabe, Masataka; Itoh, Hironori; Ouchi, Koji; ",Coal liquefaction by hydrogen produced from methanol: 3. Examination of reaction conditions,Fuel,64,6,767-771,1985,Elsevier
"Daza, Carlos Enrique; Gamba, Oscar A; Hernández, Yesid; Centeno, Miguel A; Mondragón, Fanor; Moreno, Sonia; Molina, Rafael; ",High-stable mesoporous Ni-Ce/Clay catalysts for syngas production,Catalysis Letters,141,7,1037-1046,2011,Springer
"García, Pilar; Molina, Alejandro; Mondragón, Fanor; ",Desorption activation energy distribution function of nitric oxide chemisorbed on carbonaceous materials at 373 K,Carbon,43,7,1445-1452,2005,Elsevier
"Velásquez, Mauricio; Mondragón, Fanor; Santamaría, Alexander; ",Chemical characterization of soot precursors and soot particles produced in hexane and diesel surrogates using an inverse diffusion flame burner,Fuel,104,,681-690,2013,Elsevier
"Florez, Elizabeth; Mondragón, Fanor; Truong, Thanh N; Fuentealba, Patricio; ",Density functional theory characterization of the formation of copper clusters on F s and centers on a MgO surface,Surface science,601,3,656-664,2007,Elsevier
"Mondragon, Fanor; Ouchi, Koji; ",Coal liquefaction by in-situ hydrogen generation.: 2. Zinc-water model compound reactions,Fuel,63,7,973-977,1984,Elsevier
"Mondragón, Fanor; Ruı́z, Wilson; Santamarı́a, Alexander; ",Effect of early stages of coal oxidation on its reaction with elemental sulphur,Fuel,81,3,381-388,2002,Elsevier
"Jiménez, Francisco; Mondragón, Fanor; López, Diana; ",Structural changes in coal chars after pressurized pyrolysis,Journal of Analytical and Applied Pyrolysis,95,,164-170,2012,Elsevier
"Gallego, Jaime; Batiot-Dupeyrat, Catherine; Barrault, Joël; Mondragón, Fanor; ",Severe deactivation of a LaNiO3 perovskite-type catalyst precursor with H2S during methane dry reforming,Energy & Fuels,23,10,4883-4886,2009,ACS Publications
"Mondragon, F; Quintero, G; Jaramillo, A; Fernandez, J; Calo, JM; Ruiz, W; Hall, PJ; ",The production of high surface carbons from coal using pre-swelling in solvents to disperse coking catalysts,Journal of materials science,32,6,1455-1459,1997,Springer
"Santamaría, Alexander; Eddings, Eric G; Mondragón, Fanor; ",Effect of ethanol on the chemical structure of the soot extractable material of an ethylene inverse diffusion flame,Combustion and Flame,151,1,235-244,2007,Elsevier
"Orrego, Juan F; Truong, Thanh N; Mondragón, Fanor; ",A linear energy relationship between activation energy and absolute hardness: a case study with the O (3P) atom-addition reactions to polyaromatic hydrocarbons,The Journal of Physical Chemistry A,112,36,8205-8207,2008,ACS Publications
"Salamanca, Maurin; Velásquez, Mauricio; Mondragón, Fanor; Santamaría, Alexander; ",Variations of the soot precursors chemical composition induced by ethanol addition to fuel,Energy & Fuels,26,11,6602-6611,2012,ACS Publications
"Gallego, Jaime; Mondragon, Fanor; Batiot-Dupeyrat, Catherine; ",Simultaneous production of hydrogen and carbon nanostructured materials from ethanol over LaNiO 3 and LaFeO 3 perovskites as catalyst precursors,Applied Catalysis A: General,450,,73-79,2013,Elsevier
"Florez, Elizabeth; Mondragon, Fanor; Illas, Francesc; ","Theoretical study of the structure and reactivity descriptors of Cu n M (M Ni, Pd, Pt; n= 1–4) bimetallic nanoparticles supported on MgO (001)",Surface Science,606,13,1010-1018,2012,Elsevier
"Mondragon, Fanor; Itoh, Hironori; Ouchi, Koji; ",Coal liquefaction by in-situ hydrogen generation.: 1. Zinc-water-coal reaction,Fuel,63,7,968-972,1984,Elsevier
"Osorio, Edison; Vasquez, Alejandro; Florez, Elizabeth; Mondragon, Fanor; Donald, Kelling J; Tiznado, William; ",Theoretical design of stable small aluminium–magnesium binary clusters,Physical Chemistry Chemical Physics,15,6,2222-2229,2013,Royal Society of Chemistry
"Mejía, Sol M; Espinal, Juan F; Mondragón, Fanor; ","ESTUDIO DELAZEOTROPO ETANOLAGUA. CARACTERIZACIÓN MOLECULAR DE DÍMEROS DE ETANOL, HETERODÍMEROSYHETEROTRÍMEROS DE ETANOLAGUA",Energética,,36,5-18,2006,
"Sierra Gallego, Germán; Batiot-Dupeyrat, Catherine; Barrault, Joël; Mondragón, Fanor; ",Producción de hidrógeno y nanotubos de carbono por escomposición de metano sobre Ni°/La2O3 obtenido a partir de la perovskita LaNiO3-δ,Revista Facultad de Ingeniería Universidad de Antioquia,,44,07-19,2008,
"Florez, Elizabeth; Mondragón, Fanor; Fuentealba, Patricio; Illas, Francesc; ",Effect of surface site on the spin state of first-row transition metals adsorbed on MgO: Embedded cluster model and hybrid density functional theory calculations,Physical Review B,78,7,075426,2008,APS
"Gallego, Jaime; Batiot-Dupeyat, Catherine; Mondragón, Fanor; ",Activation energies and structural changes in carbon nanotubes during different acid treatments,Journal of thermal analysis and calorimetry,114,2,597-602,2013,Springer
"Mondragon, Fanor; Quintero, Gustavo; Jaramillo, Alfredo; Fernandez, John; Hall, Peter J; ",The catalytic liquefaction of coal in the presence of Ethanol,Fuel processing technology,53,3,171-181,1998,Elsevier
"Mondragon, Fanor; Makabe, Masataka; Itoh, Hironori; Ouchi, Koji; ",Solubilities of Taiheiyo (Japan) coal in a series of alcohols,Fuel,60,10,996-997,1981,Elsevier
"González, Juan D; Mondragón, Fanor; Espinal, Juan F; ",Effect of calcium on gasification of carbonaceous materials with CO 2: a DFT study,Fuel,114,,199-205,2013,Elsevier
"Hall, Peter J; Mackinnon, Alexander J; Mondragon, Fanor; ",Role of glass transitions in determining enthalpies of air oxidation in North Dakota lignite,Energy & fuels,8,4,1002-1003,1994,ACS Publications
"Montoya, Alejandro; Mondragón, Fanor; Truong, Thanh N; ",CO2 adsorption on carbonaceous surfaces: a combined molecular modeling and experimental study,"Prepr1 Symp12A m1 Chem1 Soc1, Div1 Fuel Chem1",46,1,217-219,2001,
"Mejía, Sol M; Orrego, Juan F; Espinal, Juan F; Mondragón, Fanor; ",(Ethanol) 4-water heteropentamers: a structural and thermodynamic study,Química Nova,33,4,860-866,2010,SciELO Brasil
"Iwata, Kazuyuki; Mondragon, Fanor; Itoh, Hironori; Ouchi, Koji; ",Average structure of coal: Structural analysis of pyridine extract of zinc-water-coal reaction product,Fuel,63,11,1528-1532,1984,Elsevier
"Silva, Wilber; Truong, Thanh N; Mondragon, Fanor; ",Electronic characterization and reactivity of bimetallic clusters of the Ti (Mg) n type for hydrogen storage applications,Journal of Alloys and Compounds,509,34,8501-8509,2011,Elsevier
"Gallego, Jaime; Barrault, Joël; Batiot-Dupeyrat, Catherine; Mondragon, Fanor; ",Intershell spacing changes in MWCNT induced by metal–CNT interactions,Micron,44,,463-467,2013,Elsevier
"Salamanca, Maurin; Agudelo, John R; Mondragón, Fanor; Santamaría, Alexander; ",Chemical characteristics of the soot produced in a high-speed direct injection engine operated with diesel/biodiesel blends,Combustion Science and Technology,184,7-8,1179-1190,2012,Taylor & Francis
"Montoya, Alejandro; Truong, Thai-T; Mondragón, Fanor; Truong, Thanh N; ",CO desorption from carbonyl surfaces species in the gasification of coal,"Prepr1 Symp12A m1 Chem1 Soc1, Div1 Fuel Chem1",46,1,215-216,2001,
"Yoshida, R; Ishiguro, H; Nagaishi, H; Honma, S; Narita, H; Yoshida, T; Maekawa, Y; Mitarai, Y; Mondragon, F; ",Colombian coal liquefaction and its coprocessing with Venezuelan crude oil,Energy conversion and management,40,13,1357-1364,1999,Elsevier
"Sierra Gallego, Germán; Batiot-Dupeyrat, Catherine; Mondragón, Fanor; ",Methane partial oxidation by the lattice oxygen of the LaNiO3-d perovskite. A pulse study,Dyna,77,163,141-150,2010,"2006, Revista DYNA"
"Gallego, Jaime; Sierra, Germán; Daza, Carlos; Molina, Rafael; Batiot-Dupeyrat, Catherine; Barrault, Joël; Mondragon, Fanor; ",Reformado de metano en seco utilizando perovskitas La1-XAXNiO3 y LaNi1-XBXO3 (A: Ce ó Pr y B: Co ó Mg) como precursores del catalizador,Revista Facultad de Ingeniería,,52,9-18,2013,
"Mejía, Sol M; Orrego, Juan F; Espinal, Juan F; Fuentealba, Patricio; Mondragón, Fanor; ",Exploration of the (ethanol) 4–water heteropentamers potential energy surface by simulated annealing and ab initio molecular dynamics,International Journal of Quantum Chemistry,111,12,3080-3096,2011,Wiley Online Library
"Sanchez, Astrid; Mondragon, Fanor; Eddings, Eric G; ",Fuel-nitrogen evolution during fluidized bed oxy-coal combustion,Proceedings of the 20th International Conference on Fluidized Bed Combustion,,,1136-1140,2009,Springer
"Mondragon, Fanor; Quintero, Gustavo; Acosta, Rodrigo; Jaramillo, Alfredo; ",Liquefaction characteristics of some Colombian coals: 1. Reactivity in catalytic hydrogenation,Fuel,67,12,1709-1711,1988,Elsevier
"García, Verónica; Caldes, Maria Teresa; Joubert, Olivier; Gautron, Eric; Mondragón, Fanor; Moreno, Andrés; ",Methane oxidation by lattice oxygen of Ni/BaTi 1− x In x O 3− δ catalysts,Catalysis Today,157,1,177-182,2010,Elsevier
"Espinal, JF; Truong, TN; Mondragon, F; ",DFT study of carbon-H2O reactions during gasification with steam.,ABSTRACTS OF PAPERS OF THE AMERICAN CHEMICAL SOCIETY,228,,U677-U677,2004,"AMER CHEMICAL SOC 1155 16TH ST, NW, WASHINGTON, DC 20036 USA"
"Mejía, Sol M; Espinal, Juan F; Mondragón, Fanor; ",EFECTOS COOPERATIVOS EN HETEROTETRÁMEROS (ETANOL) 3-AGUA,Revista Colombiana de Química,38,1,151,2009,Universidad Nacional de Colombia
"Sierra Gallego, Germán; Batiot-Dupeyrat, Catherine; Barrault, Joël; Mondragón, Fanor; ",Hydrogen and carbon nanotubes production by methane decomposition over Ni°/La2O3 obtainedfrom LaNiO3-δ erovskite,Revista Facultad de Ingeniería Universidad de Antioquia,,44,07-19,2008,Universidad de Antioquia
"Daza, Carlos Enrique; Mondragón, Fanor; Moreno, Sonia; Molina, Rafael; ",CO2 reforming of methane over Ni-Mg-Al-Ce mixed oxides derived from hydrotalcites: Mg/Ni ratio effect,Revista Facultad de Ingeniería Universidad de Antioquia,,57,66-74,2011,Universidad de Antioquia
"Mejía, Sol M; Orrego, Juan F; Espinal, Juan F; Mondragón, Fanor; ",Heteropentámeros (etanol) 4-agua: estudio estructural y termodinámico,Quim. Nova,33,4,860-866,2010,
"Cabrera, Edna R; Franco, Juan F; Mondragón, Fanor; Fernández, Jhon J; ",Conversión de fondos de vacío de petróleo a semicoque,Energética,,37,,2007,
"López, Wilber Silva; Mondragón, Fanor; ",Almacenamiento De H2 En Complejos Metálicos,Energética,,38,,2007,
"López, Wilber Silva; Mondragón, Fanor; ",ALMACENAMIENTO DE H,,,,,1990,
"Gallego, Jaime; Sierra Gallego, Germán; Daza, Carlos; Molina, Rafael; Barrault, Joel; Batiot-Dupeyat, Catherine; Mondragón, Fanor; ",Production of carbon nanotubes and hydrogen by catalytic ethanol decomposition,Dyna,80,178,78-85,2013,"2006, Revista DYNA"
"Eddings, Eric G; Sanchez, Astrid; Wang, Liyong; Mondragon, Fanor; ",Pollutant formation during oxy-coal combustion,,,,,2008,"University of Utah, Department of Chemical Engineering"
"Orrego, Juan F; Fernández, Jhon J; Mondragón, Fanor; ",El método Monte Carlo como herramienta para evaluar porosidad en carbones activados,"Revistas de la Academia Colombiana de Ciencias Exactas, Físicas y Naturales",28,108,,2004,
"Espinal, Juan F; Mondragón, Fanor; Truong, Thanh N; ",Density functional theory study of carbon-H2O reactions during gasification with steam,"Prepr. Pap.-Am. Chem. Soc., Div. Fuel Chem",49,2,822,2004,Citeseer
"Acelas, Nancy Y; López, Diana; Mondragón, Fanor; Tiznado, William; Flórez, Elizabeth; ",Topological analysis of tetraphosphorus oxides (P4O6+ n (n= 0–4)),Journal of molecular modeling,19,5,2057-2067,2013,Springer
"Gil, Martín E; Ruiz, Wilson A; Mondragón, Fanor; ",Cambios estructurales durante la pirólisis y la gasificación del carbón de Venecia con CO2 a alta presión,Energética,,38,,2007,
"Enrique Daza, Carlos; Gamba, Oscar A; Hernandez, Yesid; Centeno, Miguel A; Mondragon, Fanor; Moreno, Sonia; Molina, Rafael; ",High-Stable Mesoporous Ni-Ce/Clay Catalysts for Syngas Production,Catalysis letters,141,7,1037-1046,2011,Springer
"岩田一幸; MONDRAGON, Fanor; 伊藤博徳; 大内公耳; ",水-金属系反応による石炭の可溶化物の構造解析,燃料協会誌,62,12,957-965,1983,THE JAPAN INSTITUTE OF ENERGY
"Santamaria, Alexander; Mondragon, Fanor; Eddings, Eric G; Sarofim, Adel F; ",Ethanol effect in soot formation in an ethylene inverse diffusion flame,ABSTRACTS OF PAPERS OF THE AMERICAN CHEMICAL SOCIETY,231,,,2006,"AMER CHEMICAL SOC 1155 16TH ST, NW, WASHINGTON, DC 20036 USA"
"Santamaria, Alexander; Mondragon, Fanor; Eddings, Eric G; ",Chemical and morphological characterization of the soot produced in aromatic and aliphatic flames,"236th National Meeting and Exposition of the American Chemical Society, ACS 2008",,,,2008,
"Mondragón, Fanor; ",Seminario Doctoral III Uso de precursores tipo hidrotalcita para la preparación de catalizadores Fischer-Tropsch,,,,,,
"Truong, TN; Montoya, A; Mondragon, F; ",Computational strategy for studying chemical processes on carbonaceous surfaces.,ABSTRACTS OF PAPERS OF THE AMERICAN CHEMICAL SOCIETY,222,,U461-U461,2001,"AMER CHEMICAL SOC 1155 16TH ST, NW, WASHINGTON, DC 20036 USA"
"Forgionny, Angélica; Fierro, JLG; Mondragón, Fanor; Moreno, Andrés; ",Effect of Mg/Al Ratio on Catalytic Behavior of Fischer–Tropsch Cobalt-Based Catalysts Obtained from Hydrotalcites Precursors,Topics in Catalysis,59,2-4,230-240,2016,Springer
"Monje, Ivonne E; Sánchez, Astrid E; Mondragón, Fanor; ",GLICEROLATOS DE METALES ALCALINOS Y SUS POSIBLES APLICACIONES PARA EL ALMACENAMIENTO DE HIDRÓGENO,Energética,,38,,2007,Universidad Nacional de Colombia
"SANTAMARÍA, ALEXANDER; MONDRAGÓN, FANOR; FERNÁNDEZ, JHON; RUÍZ, WILSON; LÓPEZ, DIANA; ",DETERMINACIÓN DE ENERGÍAS DE DESORCIÓN DE SO2 EN MATERIALES CARBONOSOS DURANTE PROCESOS NO ISOTÉRMICOS DETERMINATION OF SO2 DESORPTION ENERGIES ON CARBONACEOUS MATERIALS DURING NONISOTHERMAL,Dyna,78,165,169-175,2011,
"Daza, Carlos Enrique; Mondragón, Fanor; Moreno, Sonia; Molina, Rafael; ",Reformado de metano con CO2 sobre óxidos mixtos Ni-Mg-Al-Ce derivados de hidrotalcitas: Efecto de la relación Mg/Ni,Revista Facultad de Ingeniería,,57,66-74,2013,
"Gil, Martín E; Ruiz, Wilson A; Mondragón, Fanor; de Recursos Energéticos, Química; Ambiente, Medio; ",CAMBIOS ESTRUCTURALES DURANTE LA PIRÓLISIS Y LA GASIFICACIÓN DEL CARBON DE VENECIA CON CO,,,,,,
"Montoya, A; Mondragon, F; Truong, TN; ",Molecular modeling of CO2 adsorption on carbonaceous surfaces.,ABSTRACTS OF PAPERS OF THE AMERICAN CHEMICAL SOCIETY,221,,U505-U505,2001,"AMER CHEMICAL SOC 1155 16TH ST, NW, WASHINGTON, DC 20036 USA"
"Gallego, Jaime; Sierra-Gallego, German; Tapia, Juan; Mondragón, Fanor; Batiot-Dupeyrat, Catherine; ",Activation of CO2 on Ni/La2O3: non-isothermal kinetic study on the basis of thermogravimetric studies,"Reaction Kinetics, Mechanisms and Catalysis",,,1-15,,Springer
"Truong, Thanh; Mondragon, Fanor; ",Molecular Carbon Chemistry,,,,,2007,Taylor & Francis
"Truong, TN; Montoya, A; Mondragon, F; ",First-principles simulations of carbon gasification reactions.,ABSTRACTS OF PAPERS OF THE AMERICAN CHEMICAL SOCIETY,225,,U632-U632,2003,"AMER CHEMICAL SOC 1155 16TH ST, NW, WASHINGTON, DC 20036 USA"
"Florez, Elizabeth; Truong, Thanh; Mondragón, Fanor; ",Interaction of CO,,,,,,
"Mondragon, F; ",Effect of mineral matter and oxidation on the evolution of low molecular weight compounds during pyrolysis,Fuel and Energy Abstracts,6,37,447,1996,
"Daza, Carlos Enrique; Mondragón, Fanor; Moreno, Sonia; Molina, Rafael; ",Reformado de metano con CO,,,,,,
"Lopez, Diana; Mondragon, Fanor; Buitrago, Robison; ",FUEL 152-Simultaneous catalytic adsorption of NO and SO2 on activated carbons at low temperatures,ABSTRACTS OF PAPERS OF THE AMERICAN CHEMICAL SOCIETY,236,,,2008,"AMER CHEMICAL SOC 1155 16TH ST, NW, WASHINGTON, DC 20036 USA"
"DIANA, PEMBERTHY M; Santamaría, Alexander; Eddings, Eric G; Mondragón, Fanor; ",EFECTO DE LA ADICION DE ETANO E HIDROGENO EN LA QUIMICA DEL MATERIAL PRECURSOR DEL HOLLIN GENERADO EN LA LLAMA DE DIFUSION INVERSA DE ETILENO,Energética,,38,,2007,Universidad Nacional de Colombia
"Mondragon, Fanor; Fernandez, John; Jaramillo, Alfred; Quintero, Gustavo; ",Process for making activated charcoal,Journal of Cleaner Production,3,5,248,1997,
"Mejía, Sol M; Espinal, Juan F; Mills, Matthew JL; Mondragón, Fanor; ",The role of OH… O and CH… O hydrogen bonds and H… H interactions in ethanol/methanol–water heterohexamers,Journal of Molecular Modeling,22,8,1-10,2016,Springer
"Eddings, Eric G; Sánchez, Astrid E; Wang, Liyong; Mondragón, Fanor; ",Oxycoal Firing in Circulating Fluidized Bed Boilers,"2008 AIChE Annual Meeting, AIChE 100",,,,2008,
"Mondragón, Fanor; Gallego, Germán Sierra; Batiot-Dupeyrat, Catherine; Barrault, Joël; ",Producción de hidrógeno y nanotubos de carbono por descomposición de metano sobre Ni°/La2O3 obtenido a partir de la perovskita LaNiO3-δ,Revista Facultad de Ingeniería,,44,7-19,2014,
"Mondragon, F; Jaramillo, A; Quintero, G; ","Electric plants to gas, influence of both Mineral Matter and Air Oxidation in coal pyrolysis",Quimica Actualidad y Futuro,24,2,88-109,1995,
"MONDRAGON, F; ITOH, H; OUCHI, K; ",Liquefaction of coal with a metal-water system. Zinc-water system,Pan-Pacific synfuels conference,,,276-281,1982,
"GALLEGO, GERMÁN SIERRA; BATIOT-DUPEYRAT, CATHERINE; MONDRAGÓN, FANOR; ",METHANE PARTIAL OXIDATION BY THE LATTICE OXYGEN OF THE LANIO₃δ PEROVSKITE. A PULSE STUDY,DYNA,77,163,141-150,,
"Acelas, Nancy Y; Mejia, Sol M; Mondragón, Fanor; Flórez, Elizabeth; ",Computational and Theoretical Chemistry,,,,,2012,
"Jiménez, Francisco; Mondragón, Fanor; López, Diana; ",High-pressure thermogravimetric adsorption of CO2 for BET surface area calculations,Journal of Thermal Analysis and Calorimetry,120,3,1723-1730,2015,Springer
"López, Diana; Buitrago, Robison; Mondragón, Fanor; ",Adsorción catalitica simultanea de NO y SO2 sobre carbones activados,"Revista de la Academia Colombiana de ciencias exactas, físicas y naturales",32,122,67-78,2008,"Academia Colombiana de Ciencias Exactas, Físicas y Naturales"
"Abu-Awwad, FM; Al-Fahemi, JHA; Allan, NL; Azami, SM; Ben Lakhdar, Z; Brion, F; Bu, Y; Budzák, Š; Chakrabarty, K; Chamorro, E; ",journal homepage: www. elsevier. com/locate/theochem,Journal of Molecular Structure: THEOCHEM,901,,260-261,2009,
"Florez, Elizabeth; Truong, Thanh; Mondragón, Fanor; ",activation on an F center of the MgO surface,,,,,,
"IWATA, K; MONDRAGON, F; ITOH, H; OUCHI, K; ",Analyse structurale d'extraits par solvant obtenus en traitant des charbons dans un système eau-métalStructural analysis of solvent extracts obtained by treating coals in a water-metal system,,,,,,
"Orrego, Juan F; Truong, Thanh; Mondragón, Fanor; ",REACTIVIDAD DE COMPUESTOS AROMÁTICOS EN COMBUSTIÓN CON OXÍGENO ATÓMICO,Energética,,38,,2007,Universidad Nacional de Colombia
"Mejía, Sol M; Espinal, Juan F; Mondragón, Fanor; ",Cooperative effects in (ethanol) 3-water heterotetramers,Revista Colombiana de Química,38,1,151-167,2009,"Departamento de Química, Universidad Nacional de Colombia"
"Espinal, JF; Mondragon, F; Truong, TN; ",Mechanism of the reaction of water with carbonaceous materials and the H2 inhibition effect in the carbon gasification with steam,ABSTRACTS OF PAPERS OF THE AMERICAN CHEMICAL SOCIETY,229,,U740-U740,2005,"AMER CHEMICAL SOC 1155 16TH ST, NW, WASHINGTON, DC 20036 USA"
"LÓPEZ, DIANA; HERNÁNDEZ, DIANA; JIMÉNEZ, FRANCISCO; MONDRAGÓN, FANOR; ",ALMACENAMIENTO DE HIDRÓGENO EN CARBONES ACTIVADOS POR OXIDACIÓN CON AIRE,Energética,,37,,2007,Universidad Nacional de Colombia
"Montoya, A; Mondragon, F; Sarofim, AF; Truong, TN; ",Modeling the desorption of NOx species in the combustion of coal.,ABSTRACTS OF PAPERS OF THE AMERICAN CHEMICAL SOCIETY,222,,U460-U460,2001,"AMER CHEMICAL SOC 1155 16TH ST, NW, WASHINGTON, DC 20036 USA"
"Mondragon, F; ",Active carbon from coal by chemical treatment,Fuel and Energy Abstracts,5,37,345,1996,
"Mejia, Sol M; Espinal, Juan F; Mondragon, Fanor; ","Ethanol water azeotrope Study. Molecular characterization of ethanol dimers, hetero dimers and hetero trimers of ethanol water",Energetica (Medellin),36,,5-18,2006,
"Jiménez, Francisco; Mondragón, Fanor; López, Diana; ",Caracterización RAMAN de carbonizados de carbón obtenidos en un reactor de lecho fijo presurizado,Ingeniería y competitividad,14,2,111-118,2012,Universidad del Vall
"López, Diana; Buitrago, Robison; Mondragón, Fanor; ",ADSORCIÓN CATALÍTICA SIMULTÁNEA DE NO Y SO,,,,,,
"Sánchez, Astrid E; Mondragón, Fanor; Eddings, Eric G; ",CO 2 Interaction with Char Nitrogen in Oxy-Coal Combustion Systems,2007 AIChE Annual Meeting,,,,2007,
"Espinal, Juan F; Calderon, Lucas A; Mondragon, Fanor; ",DFT evaluation of sodium effects on the gasification mechanisms of carbonaceous materials with carbon dioxide,ABSTRACTS OF PAPERS OF THE AMERICAN CHEMICAL SOCIETY,240,,,2010,"AMER CHEMICAL SOC 1155 16TH ST, NW, WASHINGTON, DC 20036 USA"
"GALLEGO, GERMÁN SIERRA; BATIOTDUPEYRAT, CATHERINE; MONDRAGÓN, FANOR; ",METHANE PARTIAL OXIDATION BY THE LATTICE OXYGEN OF THE LANIO3δ PEROVSKITE. A PULSE STUDY OXIDACIÓN PARCIAL DEL METANO USANDO EL OXÍGENO DE LA RED DE LA PEROVSKITALANIO3δ. ESTUDIO POR PULSOS,Dyna,77,163,141-150,2010,
"SANTAMARÍA, ALEXANDER; MONDRAGÓN, FANOR; FERNÁNDEZ, JHON; RUÍZ, WILSON; LÓPEZ, DIANA; ",Determinación de energías de desorción de so₂ en materiales carbonosos durante procesos no isotérmicos,"Dyna; Vol. 78, núm. 165 (2011); 169-175 DYNA; Vol. 78, núm. 165 (2011); 169-175 2346-2183 0012-7353",,,,,Universidad Nacional de Colombia Sede Medellín
"Sánchez, Astrid; Eddings, Eric; Mondragón, Fanor; ",Procesos para la captura de CO2. Emisión de óxidos de nitrógeno y de azufre durante la oxi-combustión de un carbonizado,"Revista de la Academia Colombiana de Ciencias Exactas, Físicas y Naturales",36,138,115-123,2012,"Academia Colombiana de Ciencias Exactas, Físicas y Naturales"
"Truong, TN; Mondragon, F; Espinal, JF; ",Mechanism of methane formation for hydrogen storage in single wall carbon nanotubes,ABSTRACTS OF PAPERS OF THE AMERICAN CHEMICAL SOCIETY,225,,U705-U705,2003,"AMER CHEMICAL SOC 1155 16TH ST, NW, WASHINGTON, DC 20036 USA"
"Eddings, Eric G; Sanchez, Astrid; Wang, Liyong; Wagner, David; Mondragon, Fanor; Sarofim, Adel F; ",Fundamental studies and pilot-scale evaluation of oxycoal firing in circulating fluidized bed boilers,,,,,,"University of Utah, Department of Chemical Engineering"
"Mondragon, Fanor; ",Coal liquefaction utilizing alkylation and in-situ generated hydrogen,,,,,1984,北海道大学
"Gallego, Jaime; Sierra, Germán; Daza, Carlos; Molina, Rafael; Barrault, Joël; Batiot-Dupeyrat, Catherine; Mondragon, Fanor; ",Reformado de metano en seco utilizando perovskitas La,,,,,,
"Sierra, G; Batiot-Dupeyrat, Catherine; Barrault, Joël; Florez, E; Mondragon, F; ","Dry reforming of methane over LaNi1-yByO3 (B= Mg, Co) perovskites used as catalyst precursor.",Appl. Catal. A: Gen,,,SOUS PRESSE,2007,
"Gallego, Germán Sierra; Mondragón, Fanor; Batiot-Dupeyrat, Catherine; Barrault, Joël; Tatibouët, Jean-Michel; ",reforming of methane over LaNiO,,,,,,
"Orrego, Juan F; Fernandez, Jhon J; Mondragon, Fanor; ","Monte Carlo's Method, like tool to evaluate porosity in activated coal","Revista de la Academia Colombiana de Ciencias Exactas, Fisicas y Naturales",28,108,371-384,2004,
"Gallego, Jaime; Sierra, Germán; Daza, Carlos; Molina, Rafael; Barrault, Joël; Batiot-Dupeyrat, Catherine; Mondragon, Fanor; ",Dry reforming of methane with La1-XAX NiO3 and LaNi1-XBX O3 (A: Ce or Pr and B: Co or Mg) perovskites as catalysts precursors,Revista Facultad de Ingeniería Universidad de Antioquia,,52,9-18,2010,Universidad de Antioquia
"MONDRAGON, F; ITOH, H; OUCHI, K; ","Coal liquefaction by the in-situ hydrogen generation, metal water system",International conference on coal science,,,18-21,1983,
"Montoya, Alejandro; Truong, Thanh-Thai T; Mondragon, Fanor; Truong, Thanh N; ","ARTICLES-MOLECULAR STRUCTURE, BONDING, QUANTUM CHEMISTRY, AND GENERAL THEORY-CO Desorption from Oxygen Species on Carbonaceous Surface: 1. Effects of the Local Structure of the Active Site and",Journal of Physical Chemistry A,105,27,6757-6764,2001,"Washington, DC: American Chemical Society, c1997-"
"Santamaria, Alexander; Mondragon, Fanor; Eddings, Eric G; ",FUEL 141-Chemical and morphological characterization of the soot produced in aromatic and aliphatic flames,ABSTRACTS OF PAPERS OF THE AMERICAN CHEMICAL SOCIETY,236,,,2008,"AMER CHEMICAL SOC 1155 16TH ST, NW, WASHINGTON, DC 20036 USA"
"Mondragon, Fanor; Itoh, Hironori; Ouchi, Koji; ","No 089 COAL LIQUEFACTION BY THE IN-SITU HYDROGEN GENERATION, METAL HATER SYSTEM","Proceedings: 1983 International Conference on Coal Science, August 15-19, 1983, Pittsburgh, Pennsylvania",,,18,1983,Pittsburgh Energy Technology Center
"Jiménez, Francisco; Mondragón, Fanor; López, Diana; ",REACTIVIDAD DEL CARBÓN DE VENECIA EN LA COMBUSTIÓN A ALTA PRESIÓN,Energética,,38,,2007,
"SILVA LÓPEZ, WILBER; Mondragón, Fanor; ",Almacenamiento de h2 en complejos metálicos,Energética; núm. 38 (2007) Energética; núm. 38 (2007) 2357-612X 0120-9833,,,,,Universidad Nacional de Colombia Sede Manizales
"López, Diana; Hoyos, Jorge A; Mondragón, Fanor; ",Low temperature catalytic adsorption of NO over activated carbon honeycomb (ACH) monoliths,Revista Facultad de Ingeniería Universidad de Antioquia,,57,75-84,2011,Universidad de Antioquia
"Santamaria, Alexander; Mondragon, Fanor; Fernandez, Jhon; Ruiz, Wilson; Lopez, Diana; ",DETERMINATION OF SO2 DESORPTION ENERGIES ON CARBONACEOUS MATERIALS DURING NON-ISOTHERMAL PROCESSES,DYNA,78,165,169-175,2011,"2006, Revista DYNA"
"Espinal, Juan F; Truong, Thanh N; Mondragón, Fanor; ",Mechanisms of Carbon Gasification Reactions Using Electronic Structure Methods,"Spectroscopy, Dynamics And Molecular Theory Of Carbon Plasmas And Vapors: Advances in the Understanding of the Most Complex High-Temperature Elemental System",,,445-501,2011,
"Florez, Elizabeth; Mondragon, Fanor; Truong, Thanh N; Fuentealba, Patricio; ","Surface physics, nanoscale physics, low-dimensional systems-Transition-metal atom adsorption on an Fs defect site of MgO (100) and the interaction with a hydrogen atom",Physical Review-Section B-Condensed Matter,73,11,115423-115423,2006,"Woodbury, NY: published by the American Physical Society through the American Institute of Physics, c1998-"
"Sanchez, Astrid; Eddings, Eric; Mondragon, Fanor; ",NITROGEN OXIDES BEHAVIOR UNDER OXY-COMBUSTION CONDITIONS,,,,,,
"López, Diana; Hoyos, Jorge A; Mondragón, Fanor; ",Adsorción catalítica de NO a baja temperatura sobre monolitos de carbón activado,Revista Facultad de Ingeniería Universidad de Antioquia,,57,75-84,2011,
